<application>
  <component name="ProjectManager">
    <defaultProject>
      <component name="CMakePythonSetting">
        <option name="pythonIntegrationState" value="YES" />
      </component>
      <component name="PropertiesComponent"><![CDATA[{
  "keyToString": {
    "settings.editor.selected.configurable": "advanced.settings"
  }
}]]></component>
      <component name="TaskManager">
        <task active="true" id="Default" summary="Default task">
          <created>1765561857005</created>
          <option name="number" value="Default" />
          <option name="presentableId" value="Default" />
          <updated>1765561857005</updated>
          <workItem from="1765561857798" duration="146000" />
        </task>
        <servers />
      </component>
      <component name="TimeTrackingManager">
        <option name="totallyTimeSpent" value="146000" />
      </component>
      <component name="WindowStateProjectService">
        <state x="265" y="67" key="SettingsEditor" timestamp="1765582959020">
          <screen x="0" y="34" width="1512" height="858" />
        </state>
        <state x="265" y="67" key="SettingsEditor/0.34.1512.858" timestamp="1765582959020" />
      </component>
    </defaultProject>
  </component>
</application>