<application>
  <component name="DimensionService">
    <location key="find.popup.0.0.3024.1964@192dpi" x="1014" y="296" />
    <size key="GridCell.Tab.0.left.0.0.3024.1964@192dpi" width="2996" height="796" />
    <size key="GridCell.Tab.0.center.0.0.3024.1964@192dpi" width="2996" height="796" />
    <size key="GridCell.Tab.0.right.0.0.3024.1964@192dpi" width="2996" height="796" />
    <size key="GridCell.Tab.0.bottom.0.0.3024.1964@192dpi" width="2996" height="796" />
    <size key="find.popup.0.0.3024.1964@192dpi" width="1336" height="1044" />
    <size key="GridCell.Tab.1.left.0.0.3024.1964@192dpi" width="2996" height="888" />
    <size key="GridCell.Tab.1.center.0.0.3024.1964@192dpi" width="2996" height="888" />
    <size key="GridCell.Tab.1.right.0.0.3024.1964@192dpi" width="2996" height="888" />
    <size key="GridCell.Tab.1.bottom.0.0.3024.1964@192dpi" width="2996" height="888" />
    <size key="GridCell.Tab.0.left.0.0.3840.2560@192dpi" width="3812" height="2298" />
    <size key="GridCell.Tab.0.center.0.0.3840.2560@192dpi" width="3812" height="2298" />
    <size key="GridCell.Tab.0.right.0.0.3840.2560@192dpi" width="3812" height="2298" />
    <size key="GridCell.Tab.0.bottom.0.0.3840.2560@192dpi" width="3812" height="2298" />
  </component>
  <component name="WindowManager">
    <frame x="756" y="332" width="756" height="858" />
  </component>
  <component name="WindowStateApplicationService">
    <state x="756" y="428" width="800" height="650" key="WELCOME_SCREEN" timestamp="1765583336083">
      <screen x="0" y="34" width="1512" height="858" />
    </state>
    <state x="756" y="428" width="800" height="650" key="WELCOME_SCREEN/0.34.1512.858" timestamp="1765583336083" />
    <state x="669" y="512" width="800" height="650" key="WELCOME_SCREEN/0.34.1512.858/-217.-1249.1920.1249" timestamp="1765556985459" />
    <state x="284" y="350" key="ide.config.custom.settings" timestamp="1765582973136">
      <screen x="0" y="34" width="1512" height="858" />
    </state>
    <state x="284" y="350" key="ide.config.custom.settings/0.34.1512.858" timestamp="1765582973136" />
  </component>
</application>